DEPARTAMENTO,PROVINCIA,year,loss_ha
AMAZONAS,BAGUA,2001,417.42
AMAZONAS,BAGUA,2002,756.72
AMAZONAS,BAGUA,2003,536.13
AMAZONAS,BAGUA,2004,406.26
AMAZONAS,BAGUA,2005,187.73999999999998
AMAZONAS,BAGUA,2006,549.09
AMAZONAS,BAGUA,2007,1154.3400000000001
AMAZONAS,BAGUA,2008,424.17
AMAZONAS,BAGUA,2009,719.73
AMAZONAS,BAGUA,2010,578.0699999999999
AMAZONAS,BAGUA,2011,402.84000000000003
AMAZONAS,BAGUA,2012,806.1300000000001
AMAZONAS,BAGUA,2013,1552.23
AMAZONAS,BAGUA,2014,1084.8600000000001
AMAZONAS,BAGUA,2015,1291.77
AMAZONAS,BAGUA,2016,1180.44
AMAZONAS,BAGUA,2017,1452.78
AMAZONAS,BAGUA,2018,1095.66
AMAZONAS,BAGUA,2019,1202.58
AMAZONAS,BAGUA,2020,2281.68
AMAZONAS,BAGUA,2021,857.7
AMAZONAS,BAGUA,2022,1399.41
AMAZONAS,BAGUA,2023,891.81
AMAZONAS,BAGUA,2024,1834.1100000000001
AMAZONAS,BONGARA,2001,331.92
AMAZONAS,BONGARA,2002,569.0699999999999
AMAZONAS,BONGARA,2003,868.95
AMAZONAS,BONGARA,2004,573.48
AMAZONAS,BONGARA,2005,397.71000000000004
AMAZONAS,BONGARA,2006,879.12
AMAZONAS,BONGARA,2007,618.3
AMAZONAS,BONGARA,2008,621.54
AMAZONAS,BONGARA,2009,477.72
AMAZONAS,BONGARA,2010,399.78
AMAZONAS,BONGARA,2011,224.64
AMAZONAS,BONGARA,2012,313.74
AMAZONAS,BONGARA,2013,630.36
AMAZONAS,BONGARA,2014,533.34
AMAZONAS,BONGARA,2015,503.64
AMAZONAS,BONGARA,2016,633.06
AMAZONAS,BONGARA,2017,1082.6100000000001
AMAZONAS,BONGARA,2018,533.25
AMAZONAS,BONGARA,2019,484.38
AMAZONAS,BONGARA,2020,523.62
AMAZONAS,BONGARA,2021,601.29
AMAZONAS,BONGARA,2022,387.9
AMAZONAS,BONGARA,2023,509.76
AMAZONAS,BONGARA,2024,819.45
AMAZONAS,CHACHAPOYAS,2001,110.7
AMAZONAS,CHACHAPOYAS,2002,148.95
AMAZONAS,CHACHAPOYAS,2003,198.45000000000002
AMAZONAS,CHACHAPOYAS,2004,133.83
AMAZONAS,CHACHAPOYAS,2005,112.32
AMAZONAS,CHACHAPOYAS,2006,132.75
AMAZONAS,CHACHAPOYAS,2007,162.9
AMAZONAS,CHACHAPOYAS,2008,111.96000000000001
AMAZONAS,CHACHAPOYAS,2009,142.56
AMAZONAS,CHACHAPOYAS,2010,117.81
AMAZONAS,CHACHAPOYAS,2011,64.17
AMAZONAS,CHACHAPOYAS,2012,52.47
AMAZONAS,CHACHAPOYAS,2013,85.41000000000001
AMAZONAS,CHACHAPOYAS,2014,116.19
AMAZONAS,CHACHAPOYAS,2015,122.22
AMAZONAS,CHACHAPOYAS,2016,217.17000000000002
AMAZONAS,CHACHAPOYAS,2017,418.14
AMAZONAS,CHACHAPOYAS,2018,206.1
AMAZONAS,CHACHAPOYAS,2019,98.37
AMAZONAS,CHACHAPOYAS,2020,153.9
AMAZONAS,CHACHAPOYAS,2021,48.15
AMAZONAS,CHACHAPOYAS,2022,173.43
AMAZONAS,CHACHAPOYAS,2023,245.16
AMAZONAS,CHACHAPOYAS,2024,314.37
AMAZONAS,CONDORCANQUI,2001,869.76
AMAZONAS,CONDORCANQUI,2002,1154.6100000000001
AMAZONAS,CONDORCANQUI,2003,971.73
AMAZONAS,CONDORCANQUI,2004,817.3800000000001
AMAZONAS,CONDORCANQUI,2005,588.78
AMAZONAS,CONDORCANQUI,2006,1123.47
AMAZONAS,CONDORCANQUI,2007,1992.6
AMAZONAS,CONDORCANQUI,2008,773.01
AMAZONAS,CONDORCANQUI,2009,1582.83
AMAZONAS,CONDORCANQUI,2010,1184.94
AMAZONAS,CONDORCANQUI,2011,1366.2
AMAZONAS,CONDORCANQUI,2012,2359.71
AMAZONAS,CONDORCANQUI,2013,2838.51
AMAZONAS,CONDORCANQUI,2014,1814.4
AMAZONAS,CONDORCANQUI,2015,3717.7200000000003
AMAZONAS,CONDORCANQUI,2016,3347.91
AMAZONAS,CONDORCANQUI,2017,2752.11
AMAZONAS,CONDORCANQUI,2018,3712.95
AMAZONAS,CONDORCANQUI,2019,3073.41
AMAZONAS,CONDORCANQUI,2020,6751.9800000000005
AMAZONAS,CONDORCANQUI,2021,1929.4199999999998
AMAZONAS,CONDORCANQUI,2022,2641.23
AMAZONAS,CONDORCANQUI,2023,1394.6399999999999
AMAZONAS,CONDORCANQUI,2024,3006.54
AMAZONAS,LUYA,2001,204.39
AMAZONAS,LUYA,2002,139.23
AMAZONAS,LUYA,2003,348.93
AMAZONAS,LUYA,2004,262.89
AMAZONAS,LUYA,2005,219.69
AMAZONAS,LUYA,2006,298.44
AMAZONAS,LUYA,2007,293.67
AMAZONAS,LUYA,2008,266.84999999999997
AMAZONAS,LUYA,2009,272.97
AMAZONAS,LUYA,2010,235.53
AMAZONAS,LUYA,2011,208.71
AMAZONAS,LUYA,2012,246.51
AMAZONAS,LUYA,2013,311.04
AMAZONAS,LUYA,2014,359.46
AMAZONAS,LUYA,2015,239.94
AMAZONAS,LUYA,2016,394.73999999999995
AMAZONAS,LUYA,2017,1360.71
AMAZONAS,LUYA,2018,357.48
AMAZONAS,LUYA,2019,215.46
AMAZONAS,LUYA,2020,216.99
AMAZONAS,LUYA,2021,180.81
AMAZONAS,LUYA,2022,411.57
AMAZONAS,LUYA,2023,399.78
AMAZONAS,LUYA,2024,627.21
AMAZONAS,RODRIGUEZ DE MENDOZA,2001,769.05
AMAZONAS,RODRIGUEZ DE MENDOZA,2002,988.8299999999999
AMAZONAS,RODRIGUEZ DE MENDOZA,2003,582.57
AMAZONAS,RODRIGUEZ DE MENDOZA,2004,1097.55
AMAZONAS,RODRIGUEZ DE MENDOZA,2005,1776.06
AMAZONAS,RODRIGUEZ DE MENDOZA,2006,496.44
AMAZONAS,RODRIGUEZ DE MENDOZA,2007,944.01
AMAZONAS,RODRIGUEZ DE MENDOZA,2008,598.95
AMAZONAS,RODRIGUEZ DE MENDOZA,2009,1024.3799999999999
AMAZONAS,RODRIGUEZ DE MENDOZA,2010,940.5899999999999
AMAZONAS,RODRIGUEZ DE MENDOZA,2011,764.73
AMAZONAS,RODRIGUEZ DE MENDOZA,2012,769.95
AMAZONAS,RODRIGUEZ DE MENDOZA,2013,992.97
AMAZONAS,RODRIGUEZ DE MENDOZA,2014,843.8399999999999
AMAZONAS,RODRIGUEZ DE MENDOZA,2015,723.87
AMAZONAS,RODRIGUEZ DE MENDOZA,2016,822.6
AMAZONAS,RODRIGUEZ DE MENDOZA,2017,605.52
AMAZONAS,RODRIGUEZ DE MENDOZA,2018,1101.33
AMAZONAS,RODRIGUEZ DE MENDOZA,2019,588.6
AMAZONAS,RODRIGUEZ DE MENDOZA,2020,1222.83
AMAZONAS,RODRIGUEZ DE MENDOZA,2021,556.38
AMAZONAS,RODRIGUEZ DE MENDOZA,2022,941.6700000000001
AMAZONAS,RODRIGUEZ DE MENDOZA,2023,1186.65
AMAZONAS,RODRIGUEZ DE MENDOZA,2024,997.02
AMAZONAS,UTCUBAMBA,2001,326.88
AMAZONAS,UTCUBAMBA,2002,165.96
AMAZONAS,UTCUBAMBA,2003,382.05
AMAZONAS,UTCUBAMBA,2004,261.90000000000003
AMAZONAS,UTCUBAMBA,2005,339.03000000000003
AMAZONAS,UTCUBAMBA,2006,376.74
AMAZONAS,UTCUBAMBA,2007,414.54
AMAZONAS,UTCUBAMBA,2008,251.46
AMAZONAS,UTCUBAMBA,2009,324.53999999999996
AMAZONAS,UTCUBAMBA,2010,138.15
AMAZONAS,UTCUBAMBA,2011,149.58
AMAZONAS,UTCUBAMBA,2012,193.23000000000002
AMAZONAS,UTCUBAMBA,2013,257.40000000000003
AMAZONAS,UTCUBAMBA,2014,397.44
AMAZONAS,UTCUBAMBA,2015,323.19
AMAZONAS,UTCUBAMBA,2016,370.53
AMAZONAS,UTCUBAMBA,2017,757.26
AMAZONAS,UTCUBAMBA,2018,440.82
AMAZONAS,UTCUBAMBA,2019,133.82999999999998
AMAZONAS,UTCUBAMBA,2020,366.57
AMAZONAS,UTCUBAMBA,2021,151.29
AMAZONAS,UTCUBAMBA,2022,468.45000000000005
AMAZONAS,UTCUBAMBA,2023,363.15
AMAZONAS,UTCUBAMBA,2024,1565.01
AYACUCHO,HUANTA,2001,751.59
AYACUCHO,HUANTA,2002,40.769999999999996
AYACUCHO,HUANTA,2003,261.27
AYACUCHO,HUANTA,2004,411.75
AYACUCHO,HUANTA,2005,363.86999999999995
AYACUCHO,HUANTA,2006,498.42
AYACUCHO,HUANTA,2007,513.0
AYACUCHO,HUANTA,2008,103.22999999999999
AYACUCHO,HUANTA,2009,732.06
AYACUCHO,HUANTA,2010,399.69
AYACUCHO,HUANTA,2011,350.28
AYACUCHO,HUANTA,2012,345.59999999999997
AYACUCHO,HUANTA,2013,398.43
AYACUCHO,HUANTA,2014,436.95
AYACUCHO,HUANTA,2015,480.6
AYACUCHO,HUANTA,2016,552.78
AYACUCHO,HUANTA,2017,1419.3
AYACUCHO,HUANTA,2018,1003.59
AYACUCHO,HUANTA,2019,1562.67
AYACUCHO,HUANTA,2020,1976.3999999999999
AYACUCHO,HUANTA,2021,538.29
AYACUCHO,HUANTA,2022,197.37
AYACUCHO,HUANTA,2023,206.01000000000002
AYACUCHO,HUANTA,2024,266.13
AYACUCHO,LA MAR,2001,200.60999999999999
AYACUCHO,LA MAR,2002,51.03
AYACUCHO,LA MAR,2003,206.55
AYACUCHO,LA MAR,2004,174.23999999999998
AYACUCHO,LA MAR,2005,133.47
AYACUCHO,LA MAR,2006,299.88
AYACUCHO,LA MAR,2007,206.73
AYACUCHO,LA MAR,2008,90.09
AYACUCHO,LA MAR,2009,356.13000000000005
AYACUCHO,LA MAR,2010,203.48999999999998
AYACUCHO,LA MAR,2011,213.29999999999998
AYACUCHO,LA MAR,2012,551.16
AYACUCHO,LA MAR,2013,404.73
AYACUCHO,LA MAR,2014,335.61
AYACUCHO,LA MAR,2015,332.01
AYACUCHO,LA MAR,2016,426.87
AYACUCHO,LA MAR,2017,1361.3400000000001
AYACUCHO,LA MAR,2018,740.43
AYACUCHO,LA MAR,2019,603.63
AYACUCHO,LA MAR,2020,734.31
AYACUCHO,LA MAR,2021,355.05
AYACUCHO,LA MAR,2022,265.68
AYACUCHO,LA MAR,2023,250.01999999999998
AYACUCHO,LA MAR,2024,218.52
CAJAMARCA,JAEN,2001,346.41
CAJAMARCA,JAEN,2002,405.18
CAJAMARCA,JAEN,2003,65.43
CAJAMARCA,JAEN,2004,107.01
CAJAMARCA,JAEN,2005,461.43000000000006
CAJAMARCA,JAEN,2006,224.37
CAJAMARCA,JAEN,2007,416.97
CAJAMARCA,JAEN,2008,188.01
CAJAMARCA,JAEN,2009,163.62
CAJAMARCA,JAEN,2010,283.59
CAJAMARCA,JAEN,2011,274.5
CAJAMARCA,JAEN,2012,175.68
CAJAMARCA,JAEN,2013,174.78
CAJAMARCA,JAEN,2014,387.09
CAJAMARCA,JAEN,2015,407.61
CAJAMARCA,JAEN,2016,495.0
CAJAMARCA,JAEN,2017,1039.77
CAJAMARCA,JAEN,2018,484.28999999999996
CAJAMARCA,JAEN,2019,239.85000000000002
CAJAMARCA,JAEN,2020,602.73
CAJAMARCA,JAEN,2021,133.82999999999998
CAJAMARCA,JAEN,2022,635.49
CAJAMARCA,JAEN,2023,303.84000000000003
CAJAMARCA,JAEN,2024,1297.98
CAJAMARCA,SAN IGNACIO,2001,617.6700000000001
CAJAMARCA,SAN IGNACIO,2002,428.94
CAJAMARCA,SAN IGNACIO,2003,449.01
CAJAMARCA,SAN IGNACIO,2004,419.31
CAJAMARCA,SAN IGNACIO,2005,926.73
CAJAMARCA,SAN IGNACIO,2006,489.96
CAJAMARCA,SAN IGNACIO,2007,741.5999999999999
CAJAMARCA,SAN IGNACIO,2008,413.37
CAJAMARCA,SAN IGNACIO,2009,571.68
CAJAMARCA,SAN IGNACIO,2010,846.81
CAJAMARCA,SAN IGNACIO,2011,699.2099999999999
CAJAMARCA,SAN IGNACIO,2012,530.73
CAJAMARCA,SAN IGNACIO,2013,667.8
CAJAMARCA,SAN IGNACIO,2014,809.1
CAJAMARCA,SAN IGNACIO,2015,675.8100000000001
CAJAMARCA,SAN IGNACIO,2016,1412.19
CAJAMARCA,SAN IGNACIO,2017,1207.89
CAJAMARCA,SAN IGNACIO,2018,796.86
CAJAMARCA,SAN IGNACIO,2019,368.19
CAJAMARCA,SAN IGNACIO,2020,1023.39
CAJAMARCA,SAN IGNACIO,2021,254.16
CAJAMARCA,SAN IGNACIO,2022,1292.94
CAJAMARCA,SAN IGNACIO,2023,537.12
CAJAMARCA,SAN IGNACIO,2024,2080.44
CUSCO,CALCA,2001,320.84999999999997
CUSCO,CALCA,2002,169.2
CUSCO,CALCA,2003,19.439999999999998
CUSCO,CALCA,2004,66.50999999999999
CUSCO,CALCA,2005,279.18
CUSCO,CALCA,2006,22.41
CUSCO,CALCA,2007,40.59
CUSCO,CALCA,2008,65.52000000000001
CUSCO,CALCA,2009,29.43
CUSCO,CALCA,2010,190.44
CUSCO,CALCA,2011,49.589999999999996
CUSCO,CALCA,2012,38.79
CUSCO,CALCA,2013,83.25
CUSCO,CALCA,2014,142.82999999999998
CUSCO,CALCA,2015,66.50999999999999
CUSCO,CALCA,2016,136.70999999999998
CUSCO,CALCA,2017,305.28000000000003
CUSCO,CALCA,2018,60.57
CUSCO,CALCA,2019,49.86
CUSCO,CALCA,2020,42.839999999999996
CUSCO,CALCA,2021,156.42
CUSCO,CALCA,2022,74.61
CUSCO,CALCA,2023,40.68
CUSCO,CALCA,2024,56.7
CUSCO,LA CONVENCION,2001,4820.58
CUSCO,LA CONVENCION,2002,1874.97
CUSCO,LA CONVENCION,2003,2747.79
CUSCO,LA CONVENCION,2004,2565.0
CUSCO,LA CONVENCION,2005,2818.17
CUSCO,LA CONVENCION,2006,2990.79
CUSCO,LA CONVENCION,2007,2370.51
CUSCO,LA CONVENCION,2008,1879.65
CUSCO,LA CONVENCION,2009,4128.389999999999
CUSCO,LA CONVENCION,2010,2788.29
CUSCO,LA CONVENCION,2011,2446.83
CUSCO,LA CONVENCION,2012,3671.9100000000003
CUSCO,LA CONVENCION,2013,2981.34
CUSCO,LA CONVENCION,2014,3806.19
CUSCO,LA CONVENCION,2015,3951.0
CUSCO,LA CONVENCION,2016,4933.8
CUSCO,LA CONVENCION,2017,9873.45
CUSCO,LA CONVENCION,2018,7733.61
CUSCO,LA CONVENCION,2019,5645.25
CUSCO,LA CONVENCION,2020,7216.02
CUSCO,LA CONVENCION,2021,3979.8
CUSCO,LA CONVENCION,2022,2477.07
CUSCO,LA CONVENCION,2023,2908.62
CUSCO,LA CONVENCION,2024,2842.92
CUSCO,PAUCARTAMBO,2001,710.37
CUSCO,PAUCARTAMBO,2002,473.04
CUSCO,PAUCARTAMBO,2003,298.16999999999996
CUSCO,PAUCARTAMBO,2004,391.41
CUSCO,PAUCARTAMBO,2005,494.28
CUSCO,PAUCARTAMBO,2006,196.56
CUSCO,PAUCARTAMBO,2007,304.83000000000004
CUSCO,PAUCARTAMBO,2008,423.53999999999996
CUSCO,PAUCARTAMBO,2009,138.87
CUSCO,PAUCARTAMBO,2010,394.65
CUSCO,PAUCARTAMBO,2011,524.79
CUSCO,PAUCARTAMBO,2012,169.2
CUSCO,PAUCARTAMBO,2013,133.38
CUSCO,PAUCARTAMBO,2014,648.72
CUSCO,PAUCARTAMBO,2015,321.12
CUSCO,PAUCARTAMBO,2016,258.3
CUSCO,PAUCARTAMBO,2017,751.68
CUSCO,PAUCARTAMBO,2018,661.1400000000001
CUSCO,PAUCARTAMBO,2019,838.35
CUSCO,PAUCARTAMBO,2020,795.06
CUSCO,PAUCARTAMBO,2021,880.8299999999999
CUSCO,PAUCARTAMBO,2022,214.29
CUSCO,PAUCARTAMBO,2023,244.26
CUSCO,PAUCARTAMBO,2024,367.65000000000003
CUSCO,QUISPICANCHI,2001,43.56
CUSCO,QUISPICANCHI,2002,40.59
CUSCO,QUISPICANCHI,2003,59.67
CUSCO,QUISPICANCHI,2004,97.65
CUSCO,QUISPICANCHI,2005,38.43
CUSCO,QUISPICANCHI,2006,102.15
CUSCO,QUISPICANCHI,2007,145.35
CUSCO,QUISPICANCHI,2008,78.47999999999999
CUSCO,QUISPICANCHI,2009,40.86
CUSCO,QUISPICANCHI,2010,222.84
CUSCO,QUISPICANCHI,2011,296.1
CUSCO,QUISPICANCHI,2012,302.76
CUSCO,QUISPICANCHI,2013,297.63
CUSCO,QUISPICANCHI,2014,462.96
CUSCO,QUISPICANCHI,2015,467.82000000000005
CUSCO,QUISPICANCHI,2016,360.81
CUSCO,QUISPICANCHI,2017,1190.88
CUSCO,QUISPICANCHI,2018,1193.3100000000002
CUSCO,QUISPICANCHI,2019,568.98
CUSCO,QUISPICANCHI,2020,800.91
CUSCO,QUISPICANCHI,2021,327.33
CUSCO,QUISPICANCHI,2022,467.09999999999997
CUSCO,QUISPICANCHI,2023,270.63
CUSCO,QUISPICANCHI,2024,427.32
CUSCO,URUBAMBA,2001,37.35
CUSCO,URUBAMBA,2002,12.78
CUSCO,URUBAMBA,2003,3.15
CUSCO,URUBAMBA,2004,7.65
CUSCO,URUBAMBA,2005,10.35
CUSCO,URUBAMBA,2006,1.35
CUSCO,URUBAMBA,2007,5.94
CUSCO,URUBAMBA,2008,6.3
CUSCO,URUBAMBA,2009,22.95
CUSCO,URUBAMBA,2010,15.21
CUSCO,URUBAMBA,2011,10.98
CUSCO,URUBAMBA,2012,6.12
CUSCO,URUBAMBA,2013,5.76
CUSCO,URUBAMBA,2014,26.64
CUSCO,URUBAMBA,2015,4.23
CUSCO,URUBAMBA,2016,10.53
CUSCO,URUBAMBA,2017,60.39
CUSCO,URUBAMBA,2018,3.24
CUSCO,URUBAMBA,2019,0.45
CUSCO,URUBAMBA,2020,1.8
CUSCO,URUBAMBA,2021,4.95
CUSCO,URUBAMBA,2022,0.36
CUSCO,URUBAMBA,2023,0.72
CUSCO,URUBAMBA,2024,14.49
HUANCAVELICA,TAYACAJA,2001,61.38
HUANCAVELICA,TAYACAJA,2002,17.37
HUANCAVELICA,TAYACAJA,2003,18.54
HUANCAVELICA,TAYACAJA,2004,49.32
HUANCAVELICA,TAYACAJA,2005,102.51
HUANCAVELICA,TAYACAJA,2006,22.23
HUANCAVELICA,TAYACAJA,2007,45.36
HUANCAVELICA,TAYACAJA,2008,32.85
HUANCAVELICA,TAYACAJA,2009,27.72
HUANCAVELICA,TAYACAJA,2010,130.59
HUANCAVELICA,TAYACAJA,2011,40.32
HUANCAVELICA,TAYACAJA,2012,11.97
HUANCAVELICA,TAYACAJA,2013,27.9
HUANCAVELICA,TAYACAJA,2014,75.69
HUANCAVELICA,TAYACAJA,2015,72.53999999999999
HUANCAVELICA,TAYACAJA,2016,238.67999999999998
HUANCAVELICA,TAYACAJA,2017,19.44
HUANCAVELICA,TAYACAJA,2018,18.45
HUANCAVELICA,TAYACAJA,2019,91.89000000000001
HUANCAVELICA,TAYACAJA,2020,171.27
HUANCAVELICA,TAYACAJA,2021,21.959999999999997
HUANCAVELICA,TAYACAJA,2022,42.93
HUANCAVELICA,TAYACAJA,2023,37.35
HUANCAVELICA,TAYACAJA,2024,34.019999999999996
HUANUCO,DOS DE MAYO,2001,37.8
HUANUCO,DOS DE MAYO,2002,8.64
HUANUCO,DOS DE MAYO,2003,7.29
HUANUCO,DOS DE MAYO,2004,42.12
HUANUCO,DOS DE MAYO,2005,9.09
HUANUCO,DOS DE MAYO,2006,7.47
HUANUCO,DOS DE MAYO,2007,27.72
HUANUCO,DOS DE MAYO,2008,12.69
HUANUCO,DOS DE MAYO,2009,38.79
HUANUCO,DOS DE MAYO,2010,22.5
HUANUCO,DOS DE MAYO,2011,8.73
HUANUCO,DOS DE MAYO,2012,18.81
HUANUCO,DOS DE MAYO,2013,14.58
HUANUCO,DOS DE MAYO,2014,20.34
HUANUCO,DOS DE MAYO,2015,8.01
HUANUCO,DOS DE MAYO,2016,25.92
HUANUCO,DOS DE MAYO,2017,65.52
HUANUCO,DOS DE MAYO,2018,11.61
HUANUCO,DOS DE MAYO,2019,3.6
HUANUCO,DOS DE MAYO,2020,42.75
HUANUCO,DOS DE MAYO,2021,9.18
HUANUCO,DOS DE MAYO,2022,18.18
HUANUCO,DOS DE MAYO,2023,48.06
HUANUCO,DOS DE MAYO,2024,31.68
HUANUCO,HUACAYBAMBA,2001,99.63000000000001
HUANUCO,HUACAYBAMBA,2002,33.93
HUANUCO,HUACAYBAMBA,2003,59.49
HUANUCO,HUACAYBAMBA,2004,133.92
HUANUCO,HUACAYBAMBA,2005,137.61
HUANUCO,HUACAYBAMBA,2006,59.22
HUANUCO,HUACAYBAMBA,2007,102.51
HUANUCO,HUACAYBAMBA,2008,65.97
HUANUCO,HUACAYBAMBA,2009,69.03
HUANUCO,HUACAYBAMBA,2010,151.92000000000002
HUANUCO,HUACAYBAMBA,2011,79.11
HUANUCO,HUACAYBAMBA,2012,80.73
HUANUCO,HUACAYBAMBA,2013,72.18
HUANUCO,HUACAYBAMBA,2014,62.370000000000005
HUANUCO,HUACAYBAMBA,2015,85.86
HUANUCO,HUACAYBAMBA,2016,112.95
HUANUCO,HUACAYBAMBA,2017,157.32
HUANUCO,HUACAYBAMBA,2018,47.34
HUANUCO,HUACAYBAMBA,2019,58.5
HUANUCO,HUACAYBAMBA,2020,40.59
HUANUCO,HUACAYBAMBA,2021,43.38
HUANUCO,HUACAYBAMBA,2022,103.5
HUANUCO,HUACAYBAMBA,2023,137.51999999999998
HUANUCO,HUACAYBAMBA,2024,108.35999999999999
HUANUCO,HUAMALIES,2001,300.51
HUANUCO,HUAMALIES,2002,130.5
HUANUCO,HUAMALIES,2003,294.65999999999997
HUANUCO,HUAMALIES,2004,198.0
HUANUCO,HUAMALIES,2005,401.67
HUANUCO,HUAMALIES,2006,98.55
HUANUCO,HUAMALIES,2007,290.88
HUANUCO,HUAMALIES,2008,216.27
HUANUCO,HUAMALIES,2009,215.28
HUANUCO,HUAMALIES,2010,376.91999999999996
HUANUCO,HUAMALIES,2011,414.0
HUANUCO,HUAMALIES,2012,499.68
HUANUCO,HUAMALIES,2013,260.55
HUANUCO,HUAMALIES,2014,342.36
HUANUCO,HUAMALIES,2015,396.27
HUANUCO,HUAMALIES,2016,513.27
HUANUCO,HUAMALIES,2017,360.9
HUANUCO,HUAMALIES,2018,175.05
HUANUCO,HUAMALIES,2019,170.82000000000002
HUANUCO,HUAMALIES,2020,209.34
HUANUCO,HUAMALIES,2021,263.25
HUANUCO,HUAMALIES,2022,496.97999999999996
HUANUCO,HUAMALIES,2023,422.90999999999997
HUANUCO,HUAMALIES,2024,278.1
HUANUCO,HUANUCO,2001,148.68
HUANUCO,HUANUCO,2002,140.94
HUANUCO,HUANUCO,2003,144.72
HUANUCO,HUANUCO,2004,218.88
HUANUCO,HUANUCO,2005,169.56
HUANUCO,HUANUCO,2006,134.73
HUANUCO,HUANUCO,2007,186.39
HUANUCO,HUANUCO,2008,166.23000000000002
HUANUCO,HUANUCO,2009,257.13
HUANUCO,HUANUCO,2010,181.35000000000002
HUANUCO,HUANUCO,2011,136.98000000000002
HUANUCO,HUANUCO,2012,451.35
HUANUCO,HUANUCO,2013,307.17
HUANUCO,HUANUCO,2014,337.68
HUANUCO,HUANUCO,2015,238.68
HUANUCO,HUANUCO,2016,365.94
HUANUCO,HUANUCO,2017,657.09
HUANUCO,HUANUCO,2018,355.86
HUANUCO,HUANUCO,2019,120.96000000000001
HUANUCO,HUANUCO,2020,277.83
HUANUCO,HUANUCO,2021,383.58
HUANUCO,HUANUCO,2022,478.79999999999995
HUANUCO,HUANUCO,2023,831.51
HUANUCO,HUANUCO,2024,353.42999999999995
HUANUCO,LEONCIO PRADO,2001,1864.17
HUANUCO,LEONCIO PRADO,2002,973.35
HUANUCO,LEONCIO PRADO,2003,2542.77
HUANUCO,LEONCIO PRADO,2004,865.44
HUANUCO,LEONCIO PRADO,2005,2971.5299999999997
HUANUCO,LEONCIO PRADO,2006,791.37
HUANUCO,LEONCIO PRADO,2007,1871.37
HUANUCO,LEONCIO PRADO,2008,1715.31
HUANUCO,LEONCIO PRADO,2009,2201.58
HUANUCO,LEONCIO PRADO,2010,1794.42
HUANUCO,LEONCIO PRADO,2011,2142.27
HUANUCO,LEONCIO PRADO,2012,2281.14
HUANUCO,LEONCIO PRADO,2013,1567.62
HUANUCO,LEONCIO PRADO,2014,3003.12
HUANUCO,LEONCIO PRADO,2015,2569.05
HUANUCO,LEONCIO PRADO,2016,2821.68
HUANUCO,LEONCIO PRADO,2017,2255.4
HUANUCO,LEONCIO PRADO,2018,2111.94
HUANUCO,LEONCIO PRADO,2019,1166.58
HUANUCO,LEONCIO PRADO,2020,2134.08
HUANUCO,LEONCIO PRADO,2021,1804.4099999999999
HUANUCO,LEONCIO PRADO,2022,2207.34
HUANUCO,LEONCIO PRADO,2023,2489.13
HUANUCO,LEONCIO PRADO,2024,1787.22
HUANUCO,MARAÑON,2001,650.25
HUANUCO,MARAÑON,2002,538.11
HUANUCO,MARAÑON,2003,908.64
HUANUCO,MARAÑON,2004,963.0
HUANUCO,MARAÑON,2005,1608.21
HUANUCO,MARAÑON,2006,490.32
HUANUCO,MARAÑON,2007,881.19
HUANUCO,MARAÑON,2008,544.77
HUANUCO,MARAÑON,2009,1508.94
HUANUCO,MARAÑON,2010,1391.13
HUANUCO,MARAÑON,2011,1071.18
HUANUCO,MARAÑON,2012,1559.34
HUANUCO,MARAÑON,2013,1392.57
HUANUCO,MARAÑON,2014,1836.18
HUANUCO,MARAÑON,2015,1837.89
HUANUCO,MARAÑON,2016,1685.97
HUANUCO,MARAÑON,2017,1183.77
HUANUCO,MARAÑON,2018,1294.2
HUANUCO,MARAÑON,2019,994.95
HUANUCO,MARAÑON,2020,1234.98
HUANUCO,MARAÑON,2021,963.9000000000001
HUANUCO,MARAÑON,2022,915.84
HUANUCO,MARAÑON,2023,1146.33
HUANUCO,MARAÑON,2024,957.69
HUANUCO,PACHITEA,2001,418.05
HUANUCO,PACHITEA,2002,449.1
HUANUCO,PACHITEA,2003,515.25
HUANUCO,PACHITEA,2004,444.24
HUANUCO,PACHITEA,2005,725.13
HUANUCO,PACHITEA,2006,302.84999999999997
HUANUCO,PACHITEA,2007,556.56
HUANUCO,PACHITEA,2008,512.28
HUANUCO,PACHITEA,2009,617.04
HUANUCO,PACHITEA,2010,422.90999999999997
HUANUCO,PACHITEA,2011,497.52
HUANUCO,PACHITEA,2012,696.51
HUANUCO,PACHITEA,2013,429.57
HUANUCO,PACHITEA,2014,677.88
HUANUCO,PACHITEA,2015,637.11
HUANUCO,PACHITEA,2016,675.0
HUANUCO,PACHITEA,2017,1459.8
HUANUCO,PACHITEA,2018,730.71
HUANUCO,PACHITEA,2019,280.89
HUANUCO,PACHITEA,2020,854.0100000000001
HUANUCO,PACHITEA,2021,768.51
HUANUCO,PACHITEA,2022,692.2800000000001
HUANUCO,PACHITEA,2023,837.81
HUANUCO,PACHITEA,2024,650.4300000000001
HUANUCO,PUERTO INCA,2001,7358.76
HUANUCO,PUERTO INCA,2002,8016.39
HUANUCO,PUERTO INCA,2003,9656.46
HUANUCO,PUERTO INCA,2004,6246.360000000001
HUANUCO,PUERTO INCA,2005,20385.27
HUANUCO,PUERTO INCA,2006,6816.42
HUANUCO,PUERTO INCA,2007,7755.39
HUANUCO,PUERTO INCA,2008,13893.39
HUANUCO,PUERTO INCA,2009,20085.93
HUANUCO,PUERTO INCA,2010,13565.79
HUANUCO,PUERTO INCA,2011,14824.26
HUANUCO,PUERTO INCA,2012,17667.18
HUANUCO,PUERTO INCA,2013,16751.25
HUANUCO,PUERTO INCA,2014,21317.760000000002
HUANUCO,PUERTO INCA,2015,17140.23
HUANUCO,PUERTO INCA,2016,11999.61
HUANUCO,PUERTO INCA,2017,13096.619999999999
HUANUCO,PUERTO INCA,2018,11835.18
HUANUCO,PUERTO INCA,2019,12159.72
HUANUCO,PUERTO INCA,2020,13117.95
HUANUCO,PUERTO INCA,2021,10784.16
HUANUCO,PUERTO INCA,2022,10703.25
HUANUCO,PUERTO INCA,2023,11311.83
HUANUCO,PUERTO INCA,2024,9196.02
JUNIN,CHANCHAMAYO,2001,1848.42
JUNIN,CHANCHAMAYO,2002,936.9
JUNIN,CHANCHAMAYO,2003,272.07
JUNIN,CHANCHAMAYO,2004,1605.78
JUNIN,CHANCHAMAYO,2005,2284.02
JUNIN,CHANCHAMAYO,2006,1220.58
JUNIN,CHANCHAMAYO,2007,1064.16
JUNIN,CHANCHAMAYO,2008,819.72
JUNIN,CHANCHAMAYO,2009,1709.46
JUNIN,CHANCHAMAYO,2010,1283.3999999999999
JUNIN,CHANCHAMAYO,2011,854.82
JUNIN,CHANCHAMAYO,2012,1605.96
JUNIN,CHANCHAMAYO,2013,1592.91
JUNIN,CHANCHAMAYO,2014,3025.71
JUNIN,CHANCHAMAYO,2015,1803.15
JUNIN,CHANCHAMAYO,2016,2204.6400000000003
JUNIN,CHANCHAMAYO,2017,2739.06
JUNIN,CHANCHAMAYO,2018,1241.9099999999999
JUNIN,CHANCHAMAYO,2019,2227.68
JUNIN,CHANCHAMAYO,2020,5593.41
JUNIN,CHANCHAMAYO,2021,2255.4
JUNIN,CHANCHAMAYO,2022,1773.45
JUNIN,CHANCHAMAYO,2023,1465.1100000000001
JUNIN,CHANCHAMAYO,2024,1132.83
JUNIN,CONCEPCION,2001,10.979999999999999
JUNIN,CONCEPCION,2002,1.53
JUNIN,CONCEPCION,2003,10.350000000000001
JUNIN,CONCEPCION,2004,9.18
JUNIN,CONCEPCION,2005,6.57
JUNIN,CONCEPCION,2006,9.9
JUNIN,CONCEPCION,2007,13.32
JUNIN,CONCEPCION,2008,10.71
JUNIN,CONCEPCION,2009,5.13
JUNIN,CONCEPCION,2010,15.209999999999999
JUNIN,CONCEPCION,2011,6.93
JUNIN,CONCEPCION,2012,5.31
JUNIN,CONCEPCION,2013,15.39
JUNIN,CONCEPCION,2014,6.57
JUNIN,CONCEPCION,2015,19.89
JUNIN,CONCEPCION,2016,26.009999999999998
JUNIN,CONCEPCION,2017,22.77
JUNIN,CONCEPCION,2018,1.8900000000000001
JUNIN,CONCEPCION,2019,9.27
JUNIN,CONCEPCION,2020,27.36
JUNIN,CONCEPCION,2021,5.4
JUNIN,CONCEPCION,2022,60.209999999999994
JUNIN,CONCEPCION,2023,30.78
JUNIN,CONCEPCION,2024,28.17
JUNIN,HUANCAYO,2001,19.349999999999998
JUNIN,HUANCAYO,2002,10.26
JUNIN,HUANCAYO,2003,9.180000000000001
JUNIN,HUANCAYO,2004,41.22
JUNIN,HUANCAYO,2005,29.07
JUNIN,HUANCAYO,2006,16.92
JUNIN,HUANCAYO,2007,12.510000000000002
JUNIN,HUANCAYO,2008,25.47
JUNIN,HUANCAYO,2009,6.84
JUNIN,HUANCAYO,2010,15.48
JUNIN,HUANCAYO,2011,41.58
JUNIN,HUANCAYO,2012,25.2
JUNIN,HUANCAYO,2013,25.650000000000002
JUNIN,HUANCAYO,2014,42.84
JUNIN,HUANCAYO,2015,13.68
JUNIN,HUANCAYO,2016,189.17999999999998
JUNIN,HUANCAYO,2017,27.36
JUNIN,HUANCAYO,2018,21.78
JUNIN,HUANCAYO,2019,13.86
JUNIN,HUANCAYO,2020,146.34
JUNIN,HUANCAYO,2021,21.509999999999998
JUNIN,HUANCAYO,2022,88.65
JUNIN,HUANCAYO,2023,189.18
JUNIN,HUANCAYO,2024,75.33000000000001
JUNIN,JAUJA,2001,87.39
JUNIN,JAUJA,2002,59.94
JUNIN,JAUJA,2003,24.84
JUNIN,JAUJA,2004,79.83000000000001
JUNIN,JAUJA,2005,66.78
JUNIN,JAUJA,2006,44.01
JUNIN,JAUJA,2007,135.09
JUNIN,JAUJA,2008,45.540000000000006
JUNIN,JAUJA,2009,77.13
JUNIN,JAUJA,2010,194.13
JUNIN,JAUJA,2011,132.66
JUNIN,JAUJA,2012,146.16000000000003
JUNIN,JAUJA,2013,235.89000000000001
JUNIN,JAUJA,2014,233.45999999999998
JUNIN,JAUJA,2015,166.86
JUNIN,JAUJA,2016,298.35
JUNIN,JAUJA,2017,169.01999999999998
JUNIN,JAUJA,2018,82.71
JUNIN,JAUJA,2019,185.4
JUNIN,JAUJA,2020,237.69
JUNIN,JAUJA,2021,103.32000000000001
JUNIN,JAUJA,2022,141.12
JUNIN,JAUJA,2023,266.4
JUNIN,JAUJA,2024,96.84
JUNIN,JUNIN,2001,42.12
JUNIN,JUNIN,2002,26.28
JUNIN,JUNIN,2003,19.89
JUNIN,JUNIN,2004,73.89
JUNIN,JUNIN,2005,50.4
JUNIN,JUNIN,2006,30.33
JUNIN,JUNIN,2007,47.79
JUNIN,JUNIN,2008,19.71
JUNIN,JUNIN,2009,30.96
JUNIN,JUNIN,2010,30.87
JUNIN,JUNIN,2011,64.26
JUNIN,JUNIN,2012,61.29
JUNIN,JUNIN,2013,44.01
JUNIN,JUNIN,2014,72.54
JUNIN,JUNIN,2015,101.43
JUNIN,JUNIN,2016,222.39
JUNIN,JUNIN,2017,268.83
JUNIN,JUNIN,2018,33.93
JUNIN,JUNIN,2019,115.29
JUNIN,JUNIN,2020,138.42
JUNIN,JUNIN,2021,69.84
JUNIN,JUNIN,2022,38.7
JUNIN,JUNIN,2023,66.06
JUNIN,JUNIN,2024,82.26
JUNIN,SATIPO,2001,6003.9
JUNIN,SATIPO,2002,2940.3
JUNIN,SATIPO,2003,2971.26
JUNIN,SATIPO,2004,5991.03
JUNIN,SATIPO,2005,11444.85
JUNIN,SATIPO,2006,4571.46
JUNIN,SATIPO,2007,3759.48
JUNIN,SATIPO,2008,5757.66
JUNIN,SATIPO,2009,7396.83
JUNIN,SATIPO,2010,5638.32
JUNIN,SATIPO,2011,5760.45
JUNIN,SATIPO,2012,5551.74
JUNIN,SATIPO,2013,6302.52
JUNIN,SATIPO,2014,8882.01
JUNIN,SATIPO,2015,6940.89
JUNIN,SATIPO,2016,13412.880000000001
JUNIN,SATIPO,2017,8127.450000000001
JUNIN,SATIPO,2018,7096.68
JUNIN,SATIPO,2019,11376.99
JUNIN,SATIPO,2020,14566.5
JUNIN,SATIPO,2021,9623.880000000001
JUNIN,SATIPO,2022,5779.98
JUNIN,SATIPO,2023,9767.97
JUNIN,SATIPO,2024,6473.88
JUNIN,TARMA,2001,14.4
JUNIN,TARMA,2002,1.71
JUNIN,TARMA,2003,3.51
JUNIN,TARMA,2004,9.54
JUNIN,TARMA,2005,7.29
JUNIN,TARMA,2006,3.5100000000000002
JUNIN,TARMA,2007,8.37
JUNIN,TARMA,2008,6.93
JUNIN,TARMA,2009,4.23
JUNIN,TARMA,2010,19.259999999999998
JUNIN,TARMA,2011,35.64
JUNIN,TARMA,2012,16.47
JUNIN,TARMA,2013,13.5
JUNIN,TARMA,2014,13.41
JUNIN,TARMA,2015,3.87
JUNIN,TARMA,2016,23.4
JUNIN,TARMA,2017,71.82
JUNIN,TARMA,2018,8.82
JUNIN,TARMA,2019,29.43
JUNIN,TARMA,2020,56.25
JUNIN,TARMA,2021,2.8800000000000003
JUNIN,TARMA,2022,11.61
JUNIN,TARMA,2023,40.86
JUNIN,TARMA,2024,20.52
LA LIBERTAD,BOLIVAR,2001,0.45
LA LIBERTAD,BOLIVAR,2002,1.26
LA LIBERTAD,BOLIVAR,2003,0.81
LA LIBERTAD,BOLIVAR,2004,1.53
LA LIBERTAD,BOLIVAR,2005,0.09
LA LIBERTAD,BOLIVAR,2006,4.68
LA LIBERTAD,BOLIVAR,2007,0.0
LA LIBERTAD,BOLIVAR,2008,1.62
LA LIBERTAD,BOLIVAR,2009,0.0
LA LIBERTAD,BOLIVAR,2010,0.18
LA LIBERTAD,BOLIVAR,2011,2.25
LA LIBERTAD,BOLIVAR,2012,0.0
LA LIBERTAD,BOLIVAR,2013,0.0
LA LIBERTAD,BOLIVAR,2014,0.36
LA LIBERTAD,BOLIVAR,2015,0.63
LA LIBERTAD,BOLIVAR,2016,1.08
LA LIBERTAD,BOLIVAR,2017,2.25
LA LIBERTAD,BOLIVAR,2018,0.45
LA LIBERTAD,BOLIVAR,2019,0.0
LA LIBERTAD,BOLIVAR,2020,0.0
LA LIBERTAD,BOLIVAR,2021,1.08
LA LIBERTAD,BOLIVAR,2022,0.0
LA LIBERTAD,BOLIVAR,2023,0.45
LA LIBERTAD,BOLIVAR,2024,4.59
LA LIBERTAD,PATAZ,2001,23.58
LA LIBERTAD,PATAZ,2002,25.92
LA LIBERTAD,PATAZ,2003,15.03
LA LIBERTAD,PATAZ,2004,48.33
LA LIBERTAD,PATAZ,2005,82.17
LA LIBERTAD,PATAZ,2006,26.91
LA LIBERTAD,PATAZ,2007,45.54
LA LIBERTAD,PATAZ,2008,18.9
LA LIBERTAD,PATAZ,2009,57.87
LA LIBERTAD,PATAZ,2010,110.16
LA LIBERTAD,PATAZ,2011,43.29
LA LIBERTAD,PATAZ,2012,35.19
LA LIBERTAD,PATAZ,2013,47.52
LA LIBERTAD,PATAZ,2014,48.33
LA LIBERTAD,PATAZ,2015,105.39
LA LIBERTAD,PATAZ,2016,76.59
LA LIBERTAD,PATAZ,2017,104.67
LA LIBERTAD,PATAZ,2018,142.02
LA LIBERTAD,PATAZ,2019,37.17
LA LIBERTAD,PATAZ,2020,128.07
LA LIBERTAD,PATAZ,2021,24.12
LA LIBERTAD,PATAZ,2022,99.09
LA LIBERTAD,PATAZ,2023,78.48
LA LIBERTAD,PATAZ,2024,153.0
LORETO,ALTO AMAZONAS,2001,2081.97
LORETO,ALTO AMAZONAS,2002,3923.46
LORETO,ALTO AMAZONAS,2003,1843.92
LORETO,ALTO AMAZONAS,2004,4269.33
LORETO,ALTO AMAZONAS,2005,4948.2
LORETO,ALTO AMAZONAS,2006,2274.48
LORETO,ALTO AMAZONAS,2007,8260.2
LORETO,ALTO AMAZONAS,2008,7013.88
LORETO,ALTO AMAZONAS,2009,5701.59
LORETO,ALTO AMAZONAS,2010,5975.37
LORETO,ALTO AMAZONAS,2011,4570.5599999999995
LORETO,ALTO AMAZONAS,2012,6754.05
LORETO,ALTO AMAZONAS,2013,5869.08
LORETO,ALTO AMAZONAS,2014,6140.25
LORETO,ALTO AMAZONAS,2015,5395.95
LORETO,ALTO AMAZONAS,2016,5546.79
LORETO,ALTO AMAZONAS,2017,3299.58
LORETO,ALTO AMAZONAS,2018,4478.13
LORETO,ALTO AMAZONAS,2019,3922.47
LORETO,ALTO AMAZONAS,2020,5473.53
LORETO,ALTO AMAZONAS,2021,3787.92
LORETO,ALTO AMAZONAS,2022,3873.33
LORETO,ALTO AMAZONAS,2023,4235.13
LORETO,ALTO AMAZONAS,2024,4346.1
LORETO,DATEM DEL MARAÑON,2001,968.13
LORETO,DATEM DEL MARAÑON,2002,1855.44
LORETO,DATEM DEL MARAÑON,2003,903.78
LORETO,DATEM DEL MARAÑON,2004,1736.1
LORETO,DATEM DEL MARAÑON,2005,1631.6100000000001
LORETO,DATEM DEL MARAÑON,2006,1179.0900000000001
LORETO,DATEM DEL MARAÑON,2007,2002.68
LORETO,DATEM DEL MARAÑON,2008,1571.22
LORETO,DATEM DEL MARAÑON,2009,2021.31
LORETO,DATEM DEL MARAÑON,2010,1874.25
LORETO,DATEM DEL MARAÑON,2011,1682.82
LORETO,DATEM DEL MARAÑON,2012,3657.87
LORETO,DATEM DEL MARAÑON,2013,2855.4300000000003
LORETO,DATEM DEL MARAÑON,2014,3862.62
LORETO,DATEM DEL MARAÑON,2015,4410.0
LORETO,DATEM DEL MARAÑON,2016,4153.23
LORETO,DATEM DEL MARAÑON,2017,1803.51
LORETO,DATEM DEL MARAÑON,2018,3088.35
LORETO,DATEM DEL MARAÑON,2019,2181.51
LORETO,DATEM DEL MARAÑON,2020,4381.83
LORETO,DATEM DEL MARAÑON,2021,1876.95
LORETO,DATEM DEL MARAÑON,2022,3613.14
LORETO,DATEM DEL MARAÑON,2023,2295.72
LORETO,DATEM DEL MARAÑON,2024,4025.61
LORETO,LORETO,2001,1262.3400000000001
LORETO,LORETO,2002,1169.28
LORETO,LORETO,2003,955.1700000000001
LORETO,LORETO,2004,1466.1
LORETO,LORETO,2005,1591.11
LORETO,LORETO,2006,908.55
LORETO,LORETO,2007,1016.64
LORETO,LORETO,2008,1353.42
LORETO,LORETO,2009,2000.07
LORETO,LORETO,2010,2132.64
LORETO,LORETO,2011,1273.5
LORETO,LORETO,2012,3811.5
LORETO,LORETO,2013,2347.83
LORETO,LORETO,2014,3547.89
LORETO,LORETO,2015,3072.96
LORETO,LORETO,2016,3567.5099999999998
LORETO,LORETO,2017,1249.6499999999999
LORETO,LORETO,2018,2043.1799999999998
LORETO,LORETO,2019,1317.33
LORETO,LORETO,2020,2781.18
LORETO,LORETO,2021,951.12
LORETO,LORETO,2022,1948.41
LORETO,LORETO,2023,1102.5
LORETO,LORETO,2024,1599.5700000000002
LORETO,MARISCAL RAMON CASTILLA,2001,2642.94
LORETO,MARISCAL RAMON CASTILLA,2002,2453.94
LORETO,MARISCAL RAMON CASTILLA,2003,1042.47
LORETO,MARISCAL RAMON CASTILLA,2004,2898.63
LORETO,MARISCAL RAMON CASTILLA,2005,5132.34
LORETO,MARISCAL RAMON CASTILLA,2006,2553.21
LORETO,MARISCAL RAMON CASTILLA,2007,2925.36
LORETO,MARISCAL RAMON CASTILLA,2008,4058.2799999999997
LORETO,MARISCAL RAMON CASTILLA,2009,6284.969999999999
LORETO,MARISCAL RAMON CASTILLA,2010,5151.33
LORETO,MARISCAL RAMON CASTILLA,2011,3406.8599999999997
LORETO,MARISCAL RAMON CASTILLA,2012,6242.4
LORETO,MARISCAL RAMON CASTILLA,2013,5288.13
LORETO,MARISCAL RAMON CASTILLA,2014,6593.94
LORETO,MARISCAL RAMON CASTILLA,2015,5899.68
LORETO,MARISCAL RAMON CASTILLA,2016,6523.200000000001
LORETO,MARISCAL RAMON CASTILLA,2017,3716.19
LORETO,MARISCAL RAMON CASTILLA,2018,5869.17
LORETO,MARISCAL RAMON CASTILLA,2019,5579.91
LORETO,MARISCAL RAMON CASTILLA,2020,9181.17
LORETO,MARISCAL RAMON CASTILLA,2021,4090.23
LORETO,MARISCAL RAMON CASTILLA,2022,3716.37
LORETO,MARISCAL RAMON CASTILLA,2023,3476.43
LORETO,MARISCAL RAMON CASTILLA,2024,3117.0600000000004
LORETO,MAYNAS,2001,4111.92
LORETO,MAYNAS,2002,2014.02
LORETO,MAYNAS,2003,1448.01
LORETO,MAYNAS,2004,3741.39
LORETO,MAYNAS,2005,3749.4
LORETO,MAYNAS,2006,1405.44
LORETO,MAYNAS,2007,1341.0
LORETO,MAYNAS,2008,4189.23
LORETO,MAYNAS,2009,3863.88
LORETO,MAYNAS,2010,3242.7
LORETO,MAYNAS,2011,2887.38
LORETO,MAYNAS,2012,4591.71
LORETO,MAYNAS,2013,4585.5
LORETO,MAYNAS,2014,5779.62
LORETO,MAYNAS,2015,4058.37
LORETO,MAYNAS,2016,5024.43
LORETO,MAYNAS,2017,2053.89
LORETO,MAYNAS,2018,2820.42
LORETO,MAYNAS,2019,1988.82
LORETO,MAYNAS,2020,3850.65
LORETO,MAYNAS,2021,1337.58
LORETO,MAYNAS,2022,2151.18
LORETO,MAYNAS,2023,2247.84
LORETO,MAYNAS,2024,2453.67
LORETO,PUTUMAYO,2001,374.4
LORETO,PUTUMAYO,2002,483.12
LORETO,PUTUMAYO,2003,279.72
LORETO,PUTUMAYO,2004,425.25
LORETO,PUTUMAYO,2005,420.12
LORETO,PUTUMAYO,2006,329.49
LORETO,PUTUMAYO,2007,319.23
LORETO,PUTUMAYO,2008,613.26
LORETO,PUTUMAYO,2009,337.95
LORETO,PUTUMAYO,2010,752.04
LORETO,PUTUMAYO,2011,480.15
LORETO,PUTUMAYO,2012,870.48
LORETO,PUTUMAYO,2013,639.54
LORETO,PUTUMAYO,2014,1509.75
LORETO,PUTUMAYO,2015,895.4100000000001
LORETO,PUTUMAYO,2016,2791.98
LORETO,PUTUMAYO,2017,373.68
LORETO,PUTUMAYO,2018,1563.39
LORETO,PUTUMAYO,2019,538.74
LORETO,PUTUMAYO,2020,1184.49
LORETO,PUTUMAYO,2021,949.5900000000001
LORETO,PUTUMAYO,2022,843.8399999999999
LORETO,PUTUMAYO,2023,331.83
LORETO,PUTUMAYO,2024,333.18
LORETO,REQUENA,2001,1347.3000000000002
LORETO,REQUENA,2002,964.89
LORETO,REQUENA,2003,865.8
LORETO,REQUENA,2004,1962.81
LORETO,REQUENA,2005,1511.28
LORETO,REQUENA,2006,933.5699999999999
LORETO,REQUENA,2007,828.63
LORETO,REQUENA,2008,1430.91
LORETO,REQUENA,2009,2973.2400000000002
LORETO,REQUENA,2010,2221.02
LORETO,REQUENA,2011,1638.45
LORETO,REQUENA,2012,2264.85
LORETO,REQUENA,2013,2185.92
LORETO,REQUENA,2014,3337.11
LORETO,REQUENA,2015,2206.8
LORETO,REQUENA,2016,3237.84
LORETO,REQUENA,2017,1806.48
LORETO,REQUENA,2018,1370.7
LORETO,REQUENA,2019,1096.65
LORETO,REQUENA,2020,1536.03
LORETO,REQUENA,2021,1480.4099999999999
LORETO,REQUENA,2022,1470.51
LORETO,REQUENA,2023,1106.46
LORETO,REQUENA,2024,1159.83
LORETO,UCAYALI,2001,2198.07
LORETO,UCAYALI,2002,3186.36
LORETO,UCAYALI,2003,2842.29
LORETO,UCAYALI,2004,3094.47
LORETO,UCAYALI,2005,4025.88
LORETO,UCAYALI,2006,3053.07
LORETO,UCAYALI,2007,3361.95
LORETO,UCAYALI,2008,5285.610000000001
LORETO,UCAYALI,2009,5039.19
LORETO,UCAYALI,2010,3847.7700000000004
LORETO,UCAYALI,2011,5346.8099999999995
LORETO,UCAYALI,2012,4861.71
LORETO,UCAYALI,2013,5049.09
LORETO,UCAYALI,2014,6793.289999999999
LORETO,UCAYALI,2015,5729.04
LORETO,UCAYALI,2016,6302.88
LORETO,UCAYALI,2017,4778.73
LORETO,UCAYALI,2018,4969.44
LORETO,UCAYALI,2019,6514.83
LORETO,UCAYALI,2020,6388.65
LORETO,UCAYALI,2021,5355.54
LORETO,UCAYALI,2022,8852.49
LORETO,UCAYALI,2023,7456.41
LORETO,UCAYALI,2024,7599.6
MADRE DE DIOS,MANU,2001,1275.48
MADRE DE DIOS,MANU,2002,1205.19
MADRE DE DIOS,MANU,2003,1639.35
MADRE DE DIOS,MANU,2004,1950.3000000000002
MADRE DE DIOS,MANU,2005,1098.54
MADRE DE DIOS,MANU,2006,1556.91
MADRE DE DIOS,MANU,2007,2705.94
MADRE DE DIOS,MANU,2008,1910.5199999999998
MADRE DE DIOS,MANU,2009,1170.0
MADRE DE DIOS,MANU,2010,4030.38
MADRE DE DIOS,MANU,2011,3075.5699999999997
MADRE DE DIOS,MANU,2012,2665.53
MADRE DE DIOS,MANU,2013,2897.9100000000003
MADRE DE DIOS,MANU,2014,3578.85
MADRE DE DIOS,MANU,2015,3780.8999999999996
MADRE DE DIOS,MANU,2016,2902.14
MADRE DE DIOS,MANU,2017,5401.17
MADRE DE DIOS,MANU,2018,4748.22
MADRE DE DIOS,MANU,2019,4100.58
MADRE DE DIOS,MANU,2020,4902.48
MADRE DE DIOS,MANU,2021,3829.86
MADRE DE DIOS,MANU,2022,6801.12
MADRE DE DIOS,MANU,2023,4867.83
MADRE DE DIOS,MANU,2024,4158.719999999999
MADRE DE DIOS,TAHUAMANU,2001,976.59
MADRE DE DIOS,TAHUAMANU,2002,950.8499999999999
MADRE DE DIOS,TAHUAMANU,2003,952.6500000000001
MADRE DE DIOS,TAHUAMANU,2004,1788.48
MADRE DE DIOS,TAHUAMANU,2005,1817.9099999999999
MADRE DE DIOS,TAHUAMANU,2006,1434.24
MADRE DE DIOS,TAHUAMANU,2007,1242.72
MADRE DE DIOS,TAHUAMANU,2008,2968.9199999999996
MADRE DE DIOS,TAHUAMANU,2009,1163.52
MADRE DE DIOS,TAHUAMANU,2010,1963.71
MADRE DE DIOS,TAHUAMANU,2011,2411.1
MADRE DE DIOS,TAHUAMANU,2012,1644.39
MADRE DE DIOS,TAHUAMANU,2013,2843.64
MADRE DE DIOS,TAHUAMANU,2014,4162.41
MADRE DE DIOS,TAHUAMANU,2015,4385.25
MADRE DE DIOS,TAHUAMANU,2016,4680.27
MADRE DE DIOS,TAHUAMANU,2017,7291.709999999999
MADRE DE DIOS,TAHUAMANU,2018,5839.29
MADRE DE DIOS,TAHUAMANU,2019,8009.91
MADRE DE DIOS,TAHUAMANU,2020,5958.36
MADRE DE DIOS,TAHUAMANU,2021,9346.59
MADRE DE DIOS,TAHUAMANU,2022,5871.15
MADRE DE DIOS,TAHUAMANU,2023,3683.25
MADRE DE DIOS,TAHUAMANU,2024,17299.17
MADRE DE DIOS,TAMBOPATA,2001,3350.43
MADRE DE DIOS,TAMBOPATA,2002,3067.2
MADRE DE DIOS,TAMBOPATA,2003,3034.44
MADRE DE DIOS,TAMBOPATA,2004,4027.4100000000003
MADRE DE DIOS,TAMBOPATA,2005,5371.2
MADRE DE DIOS,TAMBOPATA,2006,2765.25
MADRE DE DIOS,TAMBOPATA,2007,3388.86
MADRE DE DIOS,TAMBOPATA,2008,5623.2
MADRE DE DIOS,TAMBOPATA,2009,3357.72
MADRE DE DIOS,TAMBOPATA,2010,8292.24
MADRE DE DIOS,TAMBOPATA,2011,6281.1
MADRE DE DIOS,TAMBOPATA,2012,7391.07
MADRE DE DIOS,TAMBOPATA,2013,6659.1
MADRE DE DIOS,TAMBOPATA,2014,8025.4800000000005
MADRE DE DIOS,TAMBOPATA,2015,9635.85
MADRE DE DIOS,TAMBOPATA,2016,9472.23
MADRE DE DIOS,TAMBOPATA,2017,10975.77
MADRE DE DIOS,TAMBOPATA,2018,12904.29
MADRE DE DIOS,TAMBOPATA,2019,9267.39
MADRE DE DIOS,TAMBOPATA,2020,12181.23
MADRE DE DIOS,TAMBOPATA,2021,9965.61
MADRE DE DIOS,TAMBOPATA,2022,11813.130000000001
MADRE DE DIOS,TAMBOPATA,2023,10227.51
MADRE DE DIOS,TAMBOPATA,2024,9924.12
PASCO,OXAPAMPA,2001,3561.12
PASCO,OXAPAMPA,2002,3539.5199999999995
PASCO,OXAPAMPA,2003,3238.74
PASCO,OXAPAMPA,2004,4134.87
PASCO,OXAPAMPA,2005,7835.219999999999
PASCO,OXAPAMPA,2006,4310.1900000000005
PASCO,OXAPAMPA,2007,3096.45
PASCO,OXAPAMPA,2008,3464.19
PASCO,OXAPAMPA,2009,7556.3099999999995
PASCO,OXAPAMPA,2010,7266.87
PASCO,OXAPAMPA,2011,5997.6900000000005
PASCO,OXAPAMPA,2012,8553.42
PASCO,OXAPAMPA,2013,7592.4
PASCO,OXAPAMPA,2014,9949.68
PASCO,OXAPAMPA,2015,7424.460000000001
PASCO,OXAPAMPA,2016,7331.85
PASCO,OXAPAMPA,2017,7604.19
PASCO,OXAPAMPA,2018,5556.78
PASCO,OXAPAMPA,2019,5952.87
PASCO,OXAPAMPA,2020,8472.15
PASCO,OXAPAMPA,2021,5477.04
PASCO,OXAPAMPA,2022,4915.8
PASCO,OXAPAMPA,2023,4428.72
PASCO,OXAPAMPA,2024,3549.15
PASCO,PASCO,2001,33.48
PASCO,PASCO,2002,33.75
PASCO,PASCO,2003,20.97
PASCO,PASCO,2004,50.31
PASCO,PASCO,2005,24.209999999999997
PASCO,PASCO,2006,42.75
PASCO,PASCO,2007,36.0
PASCO,PASCO,2008,62.64
PASCO,PASCO,2009,27.36
PASCO,PASCO,2010,34.56
PASCO,PASCO,2011,67.14
PASCO,PASCO,2012,31.95
PASCO,PASCO,2013,30.6
PASCO,PASCO,2014,37.98
PASCO,PASCO,2015,53.730000000000004
PASCO,PASCO,2016,171.63
PASCO,PASCO,2017,486.27
PASCO,PASCO,2018,53.55
PASCO,PASCO,2019,84.51
PASCO,PASCO,2020,207.0
PASCO,PASCO,2021,120.15
PASCO,PASCO,2022,113.49000000000001
PASCO,PASCO,2023,131.67
PASCO,PASCO,2024,107.91
PIURA,AYABACA,2001,112.23
PIURA,AYABACA,2002,48.510000000000005
PIURA,AYABACA,2003,37.620000000000005
PIURA,AYABACA,2004,58.32
PIURA,AYABACA,2005,79.2
PIURA,AYABACA,2006,78.57000000000001
PIURA,AYABACA,2007,36.09
PIURA,AYABACA,2008,45.72
PIURA,AYABACA,2009,27.72
PIURA,AYABACA,2010,18.63
PIURA,AYABACA,2011,32.94
PIURA,AYABACA,2012,29.88
PIURA,AYABACA,2013,24.209999999999997
PIURA,AYABACA,2014,35.28
PIURA,AYABACA,2015,29.16
PIURA,AYABACA,2016,85.5
PIURA,AYABACA,2017,106.92
PIURA,AYABACA,2018,8.370000000000001
PIURA,AYABACA,2019,10.709999999999999
PIURA,AYABACA,2020,9.27
PIURA,AYABACA,2021,4.14
PIURA,AYABACA,2022,9.9
PIURA,AYABACA,2023,8.37
PIURA,AYABACA,2024,18.72
PIURA,HUANCABAMBA,2001,142.92000000000002
PIURA,HUANCABAMBA,2002,226.44
PIURA,HUANCABAMBA,2003,57.06
PIURA,HUANCABAMBA,2004,82.52999999999999
PIURA,HUANCABAMBA,2005,149.85
PIURA,HUANCABAMBA,2006,117.18
PIURA,HUANCABAMBA,2007,244.89
PIURA,HUANCABAMBA,2008,102.42000000000002
PIURA,HUANCABAMBA,2009,96.75
PIURA,HUANCABAMBA,2010,154.8
PIURA,HUANCABAMBA,2011,293.03999999999996
PIURA,HUANCABAMBA,2012,49.32
PIURA,HUANCABAMBA,2013,19.169999999999998
PIURA,HUANCABAMBA,2014,27.81
PIURA,HUANCABAMBA,2015,78.11999999999999
PIURA,HUANCABAMBA,2016,106.38
PIURA,HUANCABAMBA,2017,353.88
PIURA,HUANCABAMBA,2018,50.22
PIURA,HUANCABAMBA,2019,13.23
PIURA,HUANCABAMBA,2020,55.71
PIURA,HUANCABAMBA,2021,20.7
PIURA,HUANCABAMBA,2022,94.59
PIURA,HUANCABAMBA,2023,35.19
PIURA,HUANCABAMBA,2024,149.04
PUNO,CARABAYA,2001,214.29000000000002
PUNO,CARABAYA,2002,272.61
PUNO,CARABAYA,2003,338.13
PUNO,CARABAYA,2004,627.12
PUNO,CARABAYA,2005,152.73
PUNO,CARABAYA,2006,161.91
PUNO,CARABAYA,2007,196.82999999999998
PUNO,CARABAYA,2008,204.21
PUNO,CARABAYA,2009,154.79999999999998
PUNO,CARABAYA,2010,606.87
PUNO,CARABAYA,2011,520.38
PUNO,CARABAYA,2012,453.23999999999995
PUNO,CARABAYA,2013,447.75
PUNO,CARABAYA,2014,1431.36
PUNO,CARABAYA,2015,824.85
PUNO,CARABAYA,2016,619.83
PUNO,CARABAYA,2017,2376.54
PUNO,CARABAYA,2018,2069.91
PUNO,CARABAYA,2019,503.82
PUNO,CARABAYA,2020,964.3499999999999
PUNO,CARABAYA,2021,291.6
PUNO,CARABAYA,2022,398.25
PUNO,CARABAYA,2023,395.28
PUNO,CARABAYA,2024,327.33000000000004
PUNO,SAN ANTONIO DE PUTINA,2001,18.18
PUNO,SAN ANTONIO DE PUTINA,2002,0.36
PUNO,SAN ANTONIO DE PUTINA,2003,1.35
PUNO,SAN ANTONIO DE PUTINA,2004,11.25
PUNO,SAN ANTONIO DE PUTINA,2005,4.23
PUNO,SAN ANTONIO DE PUTINA,2006,1.35
PUNO,SAN ANTONIO DE PUTINA,2007,3.24
PUNO,SAN ANTONIO DE PUTINA,2008,0.9
PUNO,SAN ANTONIO DE PUTINA,2009,0.18
PUNO,SAN ANTONIO DE PUTINA,2010,4.68
PUNO,SAN ANTONIO DE PUTINA,2011,7.2
PUNO,SAN ANTONIO DE PUTINA,2012,0.09
PUNO,SAN ANTONIO DE PUTINA,2013,0.72
PUNO,SAN ANTONIO DE PUTINA,2014,0.72
PUNO,SAN ANTONIO DE PUTINA,2015,3.6
PUNO,SAN ANTONIO DE PUTINA,2016,15.48
PUNO,SAN ANTONIO DE PUTINA,2017,99.27
PUNO,SAN ANTONIO DE PUTINA,2018,10.35
PUNO,SAN ANTONIO DE PUTINA,2019,0.72
PUNO,SAN ANTONIO DE PUTINA,2020,1.26
PUNO,SAN ANTONIO DE PUTINA,2021,0.09
PUNO,SAN ANTONIO DE PUTINA,2022,18.72
PUNO,SAN ANTONIO DE PUTINA,2023,15.93
PUNO,SAN ANTONIO DE PUTINA,2024,3.15
PUNO,SANDIA,2001,538.11
PUNO,SANDIA,2002,560.16
PUNO,SANDIA,2003,604.26
PUNO,SANDIA,2004,280.44
PUNO,SANDIA,2005,1924.02
PUNO,SANDIA,2006,567.9
PUNO,SANDIA,2007,703.1700000000001
PUNO,SANDIA,2008,834.48
PUNO,SANDIA,2009,383.4
PUNO,SANDIA,2010,1541.79
PUNO,SANDIA,2011,415.35
PUNO,SANDIA,2012,476.46
PUNO,SANDIA,2013,716.94
PUNO,SANDIA,2014,1510.2
PUNO,SANDIA,2015,988.02
PUNO,SANDIA,2016,1473.3899999999999
PUNO,SANDIA,2017,3297.87
PUNO,SANDIA,2018,4621.05
PUNO,SANDIA,2019,3211.29
PUNO,SANDIA,2020,4635.54
PUNO,SANDIA,2021,1599.21
PUNO,SANDIA,2022,1134.45
PUNO,SANDIA,2023,1289.43
PUNO,SANDIA,2024,615.96
SAN MARTIN,BELLAVISTA,2001,3545.91
SAN MARTIN,BELLAVISTA,2002,4303.53
SAN MARTIN,BELLAVISTA,2003,2621.34
SAN MARTIN,BELLAVISTA,2004,4713.48
SAN MARTIN,BELLAVISTA,2005,6099.389999999999
SAN MARTIN,BELLAVISTA,2006,2289.7799999999997
SAN MARTIN,BELLAVISTA,2007,6374.97
SAN MARTIN,BELLAVISTA,2008,2814.57
SAN MARTIN,BELLAVISTA,2009,8759.699999999999
SAN MARTIN,BELLAVISTA,2010,5616.63
SAN MARTIN,BELLAVISTA,2011,4448.25
SAN MARTIN,BELLAVISTA,2012,4291.92
SAN MARTIN,BELLAVISTA,2013,3582.27
SAN MARTIN,BELLAVISTA,2014,4527.99
SAN MARTIN,BELLAVISTA,2015,3197.52
SAN MARTIN,BELLAVISTA,2016,3384.63
SAN MARTIN,BELLAVISTA,2017,1748.25
SAN MARTIN,BELLAVISTA,2018,4395.87
SAN MARTIN,BELLAVISTA,2019,1622.6100000000001
SAN MARTIN,BELLAVISTA,2020,3054.42
SAN MARTIN,BELLAVISTA,2021,2573.91
SAN MARTIN,BELLAVISTA,2022,4002.2999999999997
SAN MARTIN,BELLAVISTA,2023,2948.76
SAN MARTIN,BELLAVISTA,2024,2824.83
SAN MARTIN,EL DORADO,2001,1162.08
SAN MARTIN,EL DORADO,2002,1022.49
SAN MARTIN,EL DORADO,2003,1064.43
SAN MARTIN,EL DORADO,2004,1220.04
SAN MARTIN,EL DORADO,2005,1870.38
SAN MARTIN,EL DORADO,2006,501.21000000000004
SAN MARTIN,EL DORADO,2007,2934.99
SAN MARTIN,EL DORADO,2008,390.87
SAN MARTIN,EL DORADO,2009,1755.09
SAN MARTIN,EL DORADO,2010,1716.0300000000002
SAN MARTIN,EL DORADO,2011,556.83
SAN MARTIN,EL DORADO,2012,767.6999999999999
SAN MARTIN,EL DORADO,2013,561.96
SAN MARTIN,EL DORADO,2014,713.79
SAN MARTIN,EL DORADO,2015,428.76
SAN MARTIN,EL DORADO,2016,421.47
SAN MARTIN,EL DORADO,2017,131.94
SAN MARTIN,EL DORADO,2018,486.27
SAN MARTIN,EL DORADO,2019,108.36000000000001
SAN MARTIN,EL DORADO,2020,329.31
SAN MARTIN,EL DORADO,2021,290.43
SAN MARTIN,EL DORADO,2022,349.29
SAN MARTIN,EL DORADO,2023,499.32000000000005
SAN MARTIN,EL DORADO,2024,634.5
SAN MARTIN,HUALLAGA,2001,1132.74
SAN MARTIN,HUALLAGA,2002,1021.77
SAN MARTIN,HUALLAGA,2003,982.44
SAN MARTIN,HUALLAGA,2004,1658.9699999999998
SAN MARTIN,HUALLAGA,2005,2841.84
SAN MARTIN,HUALLAGA,2006,845.01
SAN MARTIN,HUALLAGA,2007,2352.33
SAN MARTIN,HUALLAGA,2008,634.95
SAN MARTIN,HUALLAGA,2009,3173.58
SAN MARTIN,HUALLAGA,2010,2573.19
SAN MARTIN,HUALLAGA,2011,2186.91
SAN MARTIN,HUALLAGA,2012,2804.85
SAN MARTIN,HUALLAGA,2013,1757.6100000000001
SAN MARTIN,HUALLAGA,2014,2400.39
SAN MARTIN,HUALLAGA,2015,1413.27
SAN MARTIN,HUALLAGA,2016,1527.03
SAN MARTIN,HUALLAGA,2017,833.22
SAN MARTIN,HUALLAGA,2018,1356.75
SAN MARTIN,HUALLAGA,2019,571.9499999999999
SAN MARTIN,HUALLAGA,2020,1536.48
SAN MARTIN,HUALLAGA,2021,1124.8200000000002
SAN MARTIN,HUALLAGA,2022,1591.2
SAN MARTIN,HUALLAGA,2023,1617.03
SAN MARTIN,HUALLAGA,2024,2101.32
SAN MARTIN,LAMAS,2001,1368.27
SAN MARTIN,LAMAS,2002,2527.65
SAN MARTIN,LAMAS,2003,1550.16
SAN MARTIN,LAMAS,2004,3134.34
SAN MARTIN,LAMAS,2005,3824.55
SAN MARTIN,LAMAS,2006,2163.69
SAN MARTIN,LAMAS,2007,5186.25
SAN MARTIN,LAMAS,2008,3585.42
SAN MARTIN,LAMAS,2009,3914.1
SAN MARTIN,LAMAS,2010,4179.87
SAN MARTIN,LAMAS,2011,2138.85
SAN MARTIN,LAMAS,2012,3146.94
SAN MARTIN,LAMAS,2013,2767.5
SAN MARTIN,LAMAS,2014,3701.16
SAN MARTIN,LAMAS,2015,2604.69
SAN MARTIN,LAMAS,2016,1984.4099999999999
SAN MARTIN,LAMAS,2017,1431.1799999999998
SAN MARTIN,LAMAS,2018,2288.25
SAN MARTIN,LAMAS,2019,1327.77
SAN MARTIN,LAMAS,2020,2154.15
SAN MARTIN,LAMAS,2021,1222.92
SAN MARTIN,LAMAS,2022,1986.12
SAN MARTIN,LAMAS,2023,1973.97
SAN MARTIN,LAMAS,2024,2224.53
SAN MARTIN,MARISCAL CACERES,2001,3792.06
SAN MARTIN,MARISCAL CACERES,2002,3329.46
SAN MARTIN,MARISCAL CACERES,2003,2467.44
SAN MARTIN,MARISCAL CACERES,2004,3858.3
SAN MARTIN,MARISCAL CACERES,2005,4537.71
SAN MARTIN,MARISCAL CACERES,2006,1912.05
SAN MARTIN,MARISCAL CACERES,2007,4939.38
SAN MARTIN,MARISCAL CACERES,2008,1333.62
SAN MARTIN,MARISCAL CACERES,2009,7085.34
SAN MARTIN,MARISCAL CACERES,2010,4486.95
SAN MARTIN,MARISCAL CACERES,2011,4451.49
SAN MARTIN,MARISCAL CACERES,2012,5298.12
SAN MARTIN,MARISCAL CACERES,2013,3946.6800000000003
SAN MARTIN,MARISCAL CACERES,2014,4634.55
SAN MARTIN,MARISCAL CACERES,2015,4099.23
SAN MARTIN,MARISCAL CACERES,2016,4759.0199999999995
SAN MARTIN,MARISCAL CACERES,2017,1910.97
SAN MARTIN,MARISCAL CACERES,2018,3949.02
SAN MARTIN,MARISCAL CACERES,2019,2207.7
SAN MARTIN,MARISCAL CACERES,2020,3882.78
SAN MARTIN,MARISCAL CACERES,2021,2189.88
SAN MARTIN,MARISCAL CACERES,2022,3232.71
SAN MARTIN,MARISCAL CACERES,2023,2705.7599999999998
SAN MARTIN,MARISCAL CACERES,2024,3236.31
SAN MARTIN,MOYOBAMBA,2001,1592.1000000000001
SAN MARTIN,MOYOBAMBA,2002,2577.87
SAN MARTIN,MOYOBAMBA,2003,1827.9
SAN MARTIN,MOYOBAMBA,2004,3032.91
SAN MARTIN,MOYOBAMBA,2005,4714.83
SAN MARTIN,MOYOBAMBA,2006,1885.32
SAN MARTIN,MOYOBAMBA,2007,6201.18
SAN MARTIN,MOYOBAMBA,2008,2217.96
SAN MARTIN,MOYOBAMBA,2009,4675.14
SAN MARTIN,MOYOBAMBA,2010,7887.78
SAN MARTIN,MOYOBAMBA,2011,4296.6900000000005
SAN MARTIN,MOYOBAMBA,2012,5210.82
SAN MARTIN,MOYOBAMBA,2013,3656.34
SAN MARTIN,MOYOBAMBA,2014,2985.03
SAN MARTIN,MOYOBAMBA,2015,2039.04
SAN MARTIN,MOYOBAMBA,2016,1771.02
SAN MARTIN,MOYOBAMBA,2017,1072.0800000000002
SAN MARTIN,MOYOBAMBA,2018,2217.06
SAN MARTIN,MOYOBAMBA,2019,739.35
SAN MARTIN,MOYOBAMBA,2020,2091.87
SAN MARTIN,MOYOBAMBA,2021,1351.08
SAN MARTIN,MOYOBAMBA,2022,1767.6899999999998
SAN MARTIN,MOYOBAMBA,2023,2457.63
SAN MARTIN,MOYOBAMBA,2024,2409.39
SAN MARTIN,PICOTA,2001,1672.74
SAN MARTIN,PICOTA,2002,2879.8199999999997
SAN MARTIN,PICOTA,2003,1966.95
SAN MARTIN,PICOTA,2004,2248.29
SAN MARTIN,PICOTA,2005,3391.4700000000003
SAN MARTIN,PICOTA,2006,1810.35
SAN MARTIN,PICOTA,2007,3003.66
SAN MARTIN,PICOTA,2008,1889.19
SAN MARTIN,PICOTA,2009,2736.81
SAN MARTIN,PICOTA,2010,2712.51
SAN MARTIN,PICOTA,2011,1969.65
SAN MARTIN,PICOTA,2012,1206.7199999999998
SAN MARTIN,PICOTA,2013,892.1700000000001
SAN MARTIN,PICOTA,2014,1277.37
SAN MARTIN,PICOTA,2015,977.76
SAN MARTIN,PICOTA,2016,973.26
SAN MARTIN,PICOTA,2017,751.05
SAN MARTIN,PICOTA,2018,933.57
SAN MARTIN,PICOTA,2019,378.54
SAN MARTIN,PICOTA,2020,948.24
SAN MARTIN,PICOTA,2021,853.4699999999999
SAN MARTIN,PICOTA,2022,1173.78
SAN MARTIN,PICOTA,2023,1023.3
SAN MARTIN,PICOTA,2024,726.48
SAN MARTIN,RIOJA,2001,372.42
SAN MARTIN,RIOJA,2002,1496.1599999999999
SAN MARTIN,RIOJA,2003,851.76
SAN MARTIN,RIOJA,2004,1262.97
SAN MARTIN,RIOJA,2005,2391.3
SAN MARTIN,RIOJA,2006,1405.3500000000001
SAN MARTIN,RIOJA,2007,2317.77
SAN MARTIN,RIOJA,2008,1402.38
SAN MARTIN,RIOJA,2009,2027.34
SAN MARTIN,RIOJA,2010,1623.15
SAN MARTIN,RIOJA,2011,1505.97
SAN MARTIN,RIOJA,2012,1282.86
SAN MARTIN,RIOJA,2013,1131.39
SAN MARTIN,RIOJA,2014,936.45
SAN MARTIN,RIOJA,2015,860.49
SAN MARTIN,RIOJA,2016,640.35
SAN MARTIN,RIOJA,2017,576.99
SAN MARTIN,RIOJA,2018,951.3000000000001
SAN MARTIN,RIOJA,2019,320.58
SAN MARTIN,RIOJA,2020,744.48
SAN MARTIN,RIOJA,2021,431.73
SAN MARTIN,RIOJA,2022,536.31
SAN MARTIN,RIOJA,2023,816.48
SAN MARTIN,RIOJA,2024,688.68
SAN MARTIN,SAN MARTIN,2001,1154.97
SAN MARTIN,SAN MARTIN,2002,1389.24
SAN MARTIN,SAN MARTIN,2003,1061.91
SAN MARTIN,SAN MARTIN,2004,1847.7
SAN MARTIN,SAN MARTIN,2005,1897.47
SAN MARTIN,SAN MARTIN,2006,1140.84
SAN MARTIN,SAN MARTIN,2007,1507.32
SAN MARTIN,SAN MARTIN,2008,2436.39
SAN MARTIN,SAN MARTIN,2009,2188.17
SAN MARTIN,SAN MARTIN,2010,1589.58
SAN MARTIN,SAN MARTIN,2011,1608.75
SAN MARTIN,SAN MARTIN,2012,2118.87
SAN MARTIN,SAN MARTIN,2013,1993.59
SAN MARTIN,SAN MARTIN,2014,2349.63
SAN MARTIN,SAN MARTIN,2015,3761.6400000000003
SAN MARTIN,SAN MARTIN,2016,2339.55
SAN MARTIN,SAN MARTIN,2017,2213.5499999999997
SAN MARTIN,SAN MARTIN,2018,2316.51
SAN MARTIN,SAN MARTIN,2019,2130.57
SAN MARTIN,SAN MARTIN,2020,2960.64
SAN MARTIN,SAN MARTIN,2021,1851.3
SAN MARTIN,SAN MARTIN,2022,1462.14
SAN MARTIN,SAN MARTIN,2023,1318.5900000000001
SAN MARTIN,SAN MARTIN,2024,1155.1499999999999
SAN MARTIN,TOCACHE,2001,1531.8899999999999
SAN MARTIN,TOCACHE,2002,1018.8
SAN MARTIN,TOCACHE,2003,959.22
SAN MARTIN,TOCACHE,2004,1153.98
SAN MARTIN,TOCACHE,2005,2681.37
SAN MARTIN,TOCACHE,2006,1218.1499999999999
SAN MARTIN,TOCACHE,2007,2299.59
SAN MARTIN,TOCACHE,2008,1067.4
SAN MARTIN,TOCACHE,2009,2965.3199999999997
SAN MARTIN,TOCACHE,2010,2493.36
SAN MARTIN,TOCACHE,2011,1885.68
SAN MARTIN,TOCACHE,2012,2983.77
SAN MARTIN,TOCACHE,2013,2226.96
SAN MARTIN,TOCACHE,2014,2871.18
SAN MARTIN,TOCACHE,2015,2717.1
SAN MARTIN,TOCACHE,2016,2788.65
SAN MARTIN,TOCACHE,2017,1831.23
SAN MARTIN,TOCACHE,2018,2478.78
SAN MARTIN,TOCACHE,2019,1627.02
SAN MARTIN,TOCACHE,2020,2446.92
SAN MARTIN,TOCACHE,2021,1191.06
SAN MARTIN,TOCACHE,2022,1662.21
SAN MARTIN,TOCACHE,2023,1463.76
SAN MARTIN,TOCACHE,2024,1182.06
UCAYALI,ATALAYA,2001,3041.28
UCAYALI,ATALAYA,2002,2207.34
UCAYALI,ATALAYA,2003,1881.99
UCAYALI,ATALAYA,2004,4055.94
UCAYALI,ATALAYA,2005,3317.4900000000002
UCAYALI,ATALAYA,2006,2957.4
UCAYALI,ATALAYA,2007,2014.74
UCAYALI,ATALAYA,2008,3327.66
UCAYALI,ATALAYA,2009,3969.18
UCAYALI,ATALAYA,2010,2324.7000000000003
UCAYALI,ATALAYA,2011,4008.78
UCAYALI,ATALAYA,2012,6570.63
UCAYALI,ATALAYA,2013,5976.72
UCAYALI,ATALAYA,2014,8079.21
UCAYALI,ATALAYA,2015,6585.84
UCAYALI,ATALAYA,2016,7369.38
UCAYALI,ATALAYA,2017,6532.38
UCAYALI,ATALAYA,2018,7188.4800000000005
UCAYALI,ATALAYA,2019,10062.63
UCAYALI,ATALAYA,2020,12727.890000000001
UCAYALI,ATALAYA,2021,12377.16
UCAYALI,ATALAYA,2022,8797.77
UCAYALI,ATALAYA,2023,8879.939999999999
UCAYALI,ATALAYA,2024,8625.96
UCAYALI,CORONEL PORTILLO,2001,3654.54
UCAYALI,CORONEL PORTILLO,2002,3867.12
UCAYALI,CORONEL PORTILLO,2003,2930.22
UCAYALI,CORONEL PORTILLO,2004,3207.7799999999997
UCAYALI,CORONEL PORTILLO,2005,9916.11
UCAYALI,CORONEL PORTILLO,2006,4206.0599999999995
UCAYALI,CORONEL PORTILLO,2007,3132.27
UCAYALI,CORONEL PORTILLO,2008,5590.89
UCAYALI,CORONEL PORTILLO,2009,9829.44
UCAYALI,CORONEL PORTILLO,2010,4789.4400000000005
UCAYALI,CORONEL PORTILLO,2011,7658.55
UCAYALI,CORONEL PORTILLO,2012,9770.58
UCAYALI,CORONEL PORTILLO,2013,13712.67
UCAYALI,CORONEL PORTILLO,2014,10742.85
UCAYALI,CORONEL PORTILLO,2015,9717.21
UCAYALI,CORONEL PORTILLO,2016,11437.74
UCAYALI,CORONEL PORTILLO,2017,13493.7
UCAYALI,CORONEL PORTILLO,2018,10437.03
UCAYALI,CORONEL PORTILLO,2019,17869.14
UCAYALI,CORONEL PORTILLO,2020,22769.46
UCAYALI,CORONEL PORTILLO,2021,14942.52
UCAYALI,CORONEL PORTILLO,2022,19402.739999999998
UCAYALI,CORONEL PORTILLO,2023,12784.95
UCAYALI,CORONEL PORTILLO,2024,18245.43
UCAYALI,PADRE ABAD,2001,4801.59
UCAYALI,PADRE ABAD,2002,4433.58
UCAYALI,PADRE ABAD,2003,7036.38
UCAYALI,PADRE ABAD,2004,4272.21
UCAYALI,PADRE ABAD,2005,8768.88
UCAYALI,PADRE ABAD,2006,5102.91
UCAYALI,PADRE ABAD,2007,4937.04
UCAYALI,PADRE ABAD,2008,7943.3099999999995
UCAYALI,PADRE ABAD,2009,11795.31
UCAYALI,PADRE ABAD,2010,10763.19
UCAYALI,PADRE ABAD,2011,12153.6
UCAYALI,PADRE ABAD,2012,8290.53
UCAYALI,PADRE ABAD,2013,17033.49
UCAYALI,PADRE ABAD,2014,13656.06
UCAYALI,PADRE ABAD,2015,13000.59
UCAYALI,PADRE ABAD,2016,10642.77
UCAYALI,PADRE ABAD,2017,9737.369999999999
UCAYALI,PADRE ABAD,2018,8222.94
UCAYALI,PADRE ABAD,2019,10365.3
UCAYALI,PADRE ABAD,2020,11637.81
UCAYALI,PADRE ABAD,2021,8837.82
UCAYALI,PADRE ABAD,2022,7128.99
UCAYALI,PADRE ABAD,2023,7422.66
UCAYALI,PADRE ABAD,2024,7452.27
UCAYALI,PURUS,2001,91.08
UCAYALI,PURUS,2002,67.5
UCAYALI,PURUS,2003,88.92
UCAYALI,PURUS,2004,55.08
UCAYALI,PURUS,2005,270.36
UCAYALI,PURUS,2006,48.24
UCAYALI,PURUS,2007,143.28
UCAYALI,PURUS,2008,170.73
UCAYALI,PURUS,2009,84.96
UCAYALI,PURUS,2010,48.33
UCAYALI,PURUS,2011,99.36
UCAYALI,PURUS,2012,124.02
UCAYALI,PURUS,2013,70.47
UCAYALI,PURUS,2014,159.93
UCAYALI,PURUS,2015,411.03
UCAYALI,PURUS,2016,161.37
UCAYALI,PURUS,2017,141.57
UCAYALI,PURUS,2018,142.2
UCAYALI,PURUS,2019,79.74
UCAYALI,PURUS,2020,132.03
UCAYALI,PURUS,2021,148.14
UCAYALI,PURUS,2022,134.55
UCAYALI,PURUS,2023,41.49
UCAYALI,PURUS,2024,107.28
